{
  "Events": [
    {
      "Event": 1,
      "AmountofItems": 2,
      "Order": [
        {
          "Type": 1,
          "Text": "GHELLLOOOO@ Ik ga deze zin even extra lang maken@ om te kijken of ie het nou doet of niet@ LOLOLOLOLOL@LOLOLOLOL@OLOL TWEEDE PAGE TWEEDE PAG GAPAPGPAGAGP",
          "Speaker": "David",
          "Wait": true
        },
        {
          "Type": 11,
          "NPCname": "Mathijs",
          "Goal": {
            "X": 4,
            "Y": 11
          },
          "Wait":  true
        }
      ]
    },

    {
      "Event": 2,
      "AmountofItems": 2,
      "Order": [
        {
          "Type": 1,
          "Text": "TESTESTST1",
          "Speaker": "David"
        },
        {
          "Type": 1,
          "Text": "TEST TEST TEST 2",
          "Speaker": "David2"
        }
      ]
    }
  ]
}
